{
  "project_info": {
    "project_number": "622558125376",
    "project_id": "vivowin-22301",
    "storage_bucket": "vivowin-22301.firebasestorage.app"
  },
  "client": [
    {
      "client_info": {
        "mobilesdk_app_id": "1:622558125376:android:eb836d28fcf35b0c542ea5",
        "android_client_info": {
          "package_name": "com.vivowin.app"
        }
      },
      "oauth_client": [],
      "api_key": [
        {
          "current_key": "AIzaSyATHgy4khMW-eEWInhkgpJDLoITCWDWu0Y"
        }
      ],
      "services": {
        "appinvite_service": {
          "other_platform_oauth_client": []
        }
      }
    }
  ],
  "configuration_version": "1"
}